fname,lname,street,city,state,zip_code,email,password,phone
Agustin,Downs,952 Mathews St,Humphrey Valley,ND,96968,agustin.downs@tbeatty.com,UoNt-Kvx2,(982) 83-5191
Mohammed,Ramirez,961 Solis St,Serranotown,ME,66509,mohammed.ramirez@tbeatty.com,QIsdf55ly/8,(326) 788-6060
Eliezer,Ortiz,529 Shelton Dr,Patrick Pond,NV,26729,eliezer.ortiz@tbeatty.com,asskYba6_uowq8,(810) 335-8405
Leah,Vazquez,359 Cook Way,Wynn Bridge,GA,88093,leah.vazquez@tbeatty.com,XA%Kz93Tal2,(544) 880-7105
Brayden,Benson,530 Edwards Ct,O'neill Pond,KS,68194,brayden.benson@tbeatty.com,Pa#uykB70Lyb0,(649) 627-8946
Blair,Richards,593 Jefferson Dr,Bondtown,MI,18284,blair.richards@tbeatty.com,EzuhdqTm86r#i7,(47) 255-7050
Abby,Chen,307 Bond St,Mayer Creek,IA,63768,abby.chen@tbeatty.com,C#wpugkg354,(98) 642-5029
Asia,Velez,524 Mcintyre Ln,Stanley Springs,NV,87162,asia.velez@tbeatty.com,Ckesb*1j5,(583) 199-4250
Paula,Berger,100 Terry Rd,Russell Bridge,NE,20224,paula.berger@tbeatty.com,Esz]ltta54J9,(962) 632-7728
